Season,Team,User,Week,Date,Location,Opponent_Rank,Opponent,Opponent_User,Matchup_Type,Status,Outcome,Team_Score,Opponent_Score,Margin,Last_Updated
2026,Arizona State,Brian,0,,-,-,BYE,-,BYE,BYE,-,,,,2026-07-24 16:39:50
2026,Arizona State,Brian,1,"Sat, Sep 5",Home,-,FCS Midwest,CPU,User vs CPU,Upcoming,-,,,,2026-07-24 16:39:50
2026,Arizona State,Brian,2,"Thu, Sep 10",Home,-,UTSA,CPU,User vs CPU,Upcoming,-,,,,2026-07-24 16:39:50
2026,Arizona State,Brian,3,,-,-,BYE,-,BYE,BYE,-,,,,2026-07-24 16:39:50
2026,Arizona State,Brian,4,"Sat, Sep 26",Away,-,Washington State,CPU,User vs CPU,Upcoming,-,,,,2026-07-24 16:39:50
2026,Arizona State,Brian,5,"Sat, Oct 3",Home,-,UCF,CPU,User vs CPU,Upcoming,-,,,,2026-07-24 16:39:50
2026,Arizona State,Brian,6,"Sat, Oct 10",Home,2,Oregon,CPU,User vs CPU,Upcoming,-,,,,2026-07-24 16:39:50
2026,Arizona State,Brian,7,"Sat, Oct 17",Away,-,Oregon State,CPU,User vs CPU,Upcoming,-,,,,2026-07-24 16:39:50
2026,Arizona State,Brian,8,"Sat, Oct 24",Away,19,Utah,CPU,User vs CPU,Upcoming,-,,,,2026-07-24 16:39:49
2026,Arizona State,Brian,9,"Sat, Oct 31",Away,12,BYU,CPU,User vs CPU,Upcoming,-,,,,2026-07-24 16:39:49
2026,Arizona State,Brian,10,"Sat, Nov 7",Away,-,Colorado,tigerbrave27,User vs User,Upcoming,-,,,,2026-07-24 16:39:49
2026,Arizona State,Brian,11,"Sat, Nov 14",Home,15,USC,CPU,User vs CPU,Upcoming,-,,,,2026-07-24 16:39:49
2026,Arizona State,Brian,12,"Sat, Nov 21",Home,-,California,Ben,User vs User,Upcoming,-,,,,2026-07-24 16:39:49
2026,Arizona State,Brian,13,"Sat, Nov 28",Home,-,Arizona,CPU,User vs CPU,Upcoming,-,,,,2026-07-24 16:39:49
2026,Arizona State,Brian,14,,-,-,BYE,-,BYE,BYE,-,,,,2026-07-24 16:39:49
2026,Arizona State,Brian,Conf Champ,,-,-,BYE,-,BYE,BYE,-,,,,2026-07-24 16:39:49
2026,Arizona State,Brian,16,,-,-,BYE,-,BYE,BYE,-,,,,2026-07-24 16:39:49
2026,Arkansas,Clemsontigers1,0,"Sat, Aug 29",Away,-,Missouri,Holdma Dix,User vs User,Completed,W,42.0,21.0,21.0,2026-07-24 16:39:58
2026,Arkansas,Clemsontigers1,1,"Sat, Sep 5",Home,1,Ohio State,CPU,User vs CPU,Completed,W,38.0,28.0,10.0,2026-07-24 16:39:58
2026,Arkansas,Clemsontigers1,2,"Sat, Sep 12",Home,19,Utah,CPU,User vs CPU,Upcoming,-,,,,2026-07-24 16:39:58
2026,Arkansas,Clemsontigers1,3,"Sat, Sep 19",Away,4,Georgia,CPU,User vs CPU,Upcoming,-,,,,2026-07-24 16:39:58
2026,Arkansas,Clemsontigers1,4,"Sat, Sep 26",Away,9,Ole Miss,CPU,User vs CPU,Upcoming,-,,,,2026-07-24 16:39:58
2026,Arkansas,Clemsontigers1,5,,-,-,BYE,-,BYE,BYE,-,,,,2026-07-24 16:39:58
2026,Arkansas,Clemsontigers1,6,"Sat, Oct 10",Home,20,Tennessee,CPU,User vs CPU,Upcoming,-,,,,2026-07-24 16:39:58
2026,Arkansas,Clemsontigers1,7,"Sat, Oct 17",Home,-,Vanderbilt,CPU,User vs CPU,Upcoming,-,,,,2026-07-24 16:39:58
2026,Arkansas,Clemsontigers1,8,,-,-,BYE,-,BYE,BYE,-,,,,2026-07-24 16:40:00
2026,Arkansas,Clemsontigers1,9,"Sat, Oct 31",Home,13,Alabama,CPU,User vs CPU,Upcoming,-,,,,2026-07-24 16:40:00
2026,Arkansas,Clemsontigers1,10,"Sat, Nov 7",Home,-,Kentucky,CPU,User vs CPU,Upcoming,-,,,,2026-07-24 16:40:00
2026,Arkansas,Clemsontigers1,11,"Sat, Nov 14",Away,-,South Carolina,Clemson256,User vs User,Upcoming,-,,,,2026-07-24 16:40:00
2026,Arkansas,Clemsontigers1,12,"Sat, Nov 21",Home,7,Texas,CPU,User vs CPU,Upcoming,-,,,,2026-07-24 16:40:00
2026,Arkansas,Clemsontigers1,13,"Sat, Nov 28",Away,11,LSU,CPU,User vs CPU,Upcoming,-,,,,2026-07-24 16:40:00
2026,Arkansas,Clemsontigers1,14,,-,-,BYE,-,BYE,BYE,-,,,,2026-07-24 16:40:00
2026,Arkansas,Clemsontigers1,Conf Champ,,-,-,BYE,-,BYE,BYE,-,,,,2026-07-24 16:40:00
2026,Arkansas,Clemsontigers1,16,,-,-,BYE,-,BYE,BYE,-,,,,2026-07-24 16:40:00
2026,Baylor,TigerBo413,0,,-,-,BYE,-,BYE,BYE,-,,,,2026-07-24 16:40:12
2026,Baylor,TigerBo413,1,"Sat, Sep 5",Home,-,Auburn,CPU,User vs CPU,Completed,W,31.0,16.0,15.0,2026-07-24 16:40:12
2026,Baylor,TigerBo413,2,"Sat, Sep 12",Home,7,Texas,CPU,User vs CPU,Upcoming,-,,,,2026-07-24 16:40:12
2026,Baylor,TigerBo413,3,"Sat, Sep 19",Home,-,Northwestern,Chefkdh,User vs User,Upcoming,-,,,,2026-07-24 16:40:12
2026,Baylor,TigerBo413,4,"Sat, Sep 26",Home,-,Colorado,tigerbrave27,User vs User,Upcoming,-,,,,2026-07-24 16:40:12
2026,Baylor,TigerBo413,5,"Thu, Oct 1",Away,-,Nebraska,CPU,User vs CPU,Upcoming,-,,,,2026-07-24 16:40:12
2026,Baylor,TigerBo413,6,"Sat, Oct 10",Away,-,Oklahoma State,bigdaddydoubles,User vs User,Upcoming,-,,,,2026-07-24 16:40:12
2026,Baylor,TigerBo413,7,,-,-,BYE,-,BYE,BYE,-,,,,2026-07-24 16:40:12
2026,Baylor,TigerBo413,8,"Sat, Oct 24",Home,-,Missouri State,CPU,User vs CPU,Upcoming,-,,,,2026-07-24 16:40:09
2026,Baylor,TigerBo413,9,"Sat, Oct 31",Away,8,Texas A&M,CPU,User vs CPU,Upcoming,-,,,,2026-07-24 16:40:09
2026,Baylor,TigerBo413,10,"Sat, Nov 7",Home,-,Iowa State,CPU,User vs CPU,Upcoming,-,,,,2026-07-24 16:40:09
2026,Baylor,TigerBo413,11,"Sat, Nov 14",Home,12,BYU,CPU,User vs CPU,Upcoming,-,,,,2026-07-24 16:40:09
2026,Baylor,TigerBo413,12,"Sat, Nov 21",Home,-,Kansas State,CPU,User vs CPU,Upcoming,-,,,,2026-07-24 16:40:09
2026,Baylor,TigerBo413,13,"Sat, Nov 28",Away,21,Houston,CPU,User vs CPU,Upcoming,-,,,,2026-07-24 16:40:09
2026,Baylor,TigerBo413,14,,-,-,BYE,-,BYE,BYE,-,,,,2026-07-24 16:40:09
2026,Baylor,TigerBo413,Conf Champ,,-,-,BYE,-,BYE,BYE,-,,,,2026-07-24 16:40:09
2026,Baylor,TigerBo413,16,,-,-,BYE,-,BYE,BYE,-,,,,2026-07-24 16:40:09
2026,California,Ben,0,,-,-,BYE,-,BYE,BYE,-,,,,2026-07-24 16:40:24
2026,California,Ben,1,"Sat, Sep 5",Home,-,UCLA,CPU,User vs CPU,Completed,W,35.0,21.0,14.0,2026-07-24 16:40:24
2026,California,Ben,2,"Sat, Sep 12",Home,-,Syracuse,CPU,User vs CPU,Upcoming,-,,,,2026-07-24 16:40:24
2026,California,Ben,3,"Sat, Sep 19",Home,-,Temple,reign_man34,User vs User,Upcoming,-,,,,2026-07-24 16:40:24
2026,California,Ben,4,"Sat, Sep 26",Away,12,BYU,CPU,User vs CPU,Upcoming,-,,,,2026-07-24 16:40:24
2026,California,Ben,5,"Sat, Oct 3",Home,-,Arizona,CPU,User vs CPU,Upcoming,-,,,,2026-07-24 16:40:24
2026,California,Ben,6,"Sat, Oct 10",Away,-,Oregon State,CPU,User vs CPU,Upcoming,-,,,,2026-07-24 16:40:24
2026,California,Ben,7,,-,-,BYE,-,BYE,BYE,-,,,,2026-07-24 16:40:24
2026,California,Ben,8,"Sat, Oct 24",Home,23,Washington,CPU,User vs CPU,Upcoming,-,,,,2026-07-24 16:40:20
2026,California,Ben,9,"Sat, Oct 31",Home,2,Oregon,CPU,User vs CPU,Upcoming,-,,,,2026-07-24 16:40:20
2026,California,Ben,10,"Sat, Nov 7",Away,-,Washington State,CPU,User vs CPU,Upcoming,-,,,,2026-07-24 16:40:20
2026,California,Ben,11,"Sat, Nov 14",Away,-,Boise State,CPU,User vs CPU,Upcoming,-,,,,2026-07-24 16:40:20
2026,California,Ben,12,"Sat, Nov 21",Away,-,Arizona State,Brian,User vs User,Upcoming,-,,,,2026-07-24 16:40:20
2026,California,Ben,13,"Sat, Nov 28",Home,-,Vanderbilt,CPU,User vs CPU,Upcoming,-,,,,2026-07-24 16:40:20
2026,California,Ben,14,,-,-,BYE,-,BYE,BYE,-,,,,2026-07-24 16:40:20
2026,California,Ben,Conf Champ,,-,-,BYE,-,BYE,BYE,-,,,,2026-07-24 16:40:20
2026,California,Ben,16,,-,-,BYE,-,BYE,BYE,-,,,,2026-07-24 16:40:20
2026,Colorado,tigerbrave27,0,,-,-,BYE,-,BYE,BYE,-,,,,2026-07-24 16:40:36
2026,Colorado,tigerbrave27,1,"Sat, Sep 5",Away,8,Texas A&M,CPU,User vs CPU,Completed,W,35.0,24.0,11.0,2026-07-24 16:40:36
2026,Colorado,tigerbrave27,2,"Sat, Sep 12",Away,10,Oklahoma,CPU,User vs CPU,Upcoming,-,,,,2026-07-24 16:40:36
2026,Colorado,tigerbrave27,3,"Sat, Sep 19",Home,7,Texas,CPU,User vs CPU,Upcoming,-,,,,2026-07-24 16:40:36
2026,Colorado,tigerbrave27,4,"Sat, Sep 26",Away,-,Baylor,TigerBo413,User vs User,Upcoming,-,,,,2026-07-24 16:40:36
2026,Colorado,tigerbrave27,5,,-,-,BYE,-,BYE,BYE,-,,,,2026-07-24 16:40:36
2026,Colorado,tigerbrave27,6,"Sat, Oct 10",Home,-,Arizona,CPU,User vs CPU,Upcoming,-,,,,2026-07-24 16:40:36
2026,Colorado,tigerbrave27,7,"Sat, Oct 17",Home,-,UCF,CPU,User vs CPU,Upcoming,-,,,,2026-07-24 16:40:36
2026,Colorado,tigerbrave27,8,"Sat, Oct 24",Home,-,Nebraska,CPU,User vs CPU,Upcoming,-,,,,2026-07-24 16:40:40
2026,Colorado,tigerbrave27,9,"Sat, Oct 31",Home,-,Kansas State,CPU,User vs CPU,Upcoming,-,,,,2026-07-24 16:40:40
2026,Colorado,tigerbrave27,10,"Sat, Nov 7",Home,-,Arizona State,Brian,User vs User,Upcoming,-,,,,2026-07-24 16:40:40
2026,Colorado,tigerbrave27,11,"Sat, Nov 14",Away,-,TCU,CPU,User vs CPU,Upcoming,-,,,,2026-07-24 16:40:40
2026,Colorado,tigerbrave27,12,"Sat, Nov 21",Home,-,Iowa State,CPU,User vs CPU,Upcoming,-,,,,2026-07-24 16:40:40
2026,Colorado,tigerbrave27,13,"Sat, Nov 28",Away,-,Cincinnati,CPU,User vs CPU,Upcoming,-,,,,2026-07-24 16:40:40
2026,Colorado,tigerbrave27,14,,-,-,BYE,-,BYE,BYE,-,,,,2026-07-24 16:40:40
2026,Colorado,tigerbrave27,Conf Champ,,-,-,BYE,-,BYE,BYE,-,,,,2026-07-24 16:40:40
2026,Colorado,tigerbrave27,16,,-,-,BYE,-,BYE,BYE,-,,,,2026-07-24 16:40:40
2026,Missouri,Holdma Dix,0,"Sat, Aug 29",Home,-,Arkansas,Clemsontigers1,User vs User,Completed,L,21.0,42.0,-21.0,2026-07-24 16:40:53
2026,Missouri,Holdma Dix,1,"Thu, Sep 3",Home,-,Boston College,CPU,User vs CPU,Completed,W,40.0,28.0,12.0,2026-07-24 16:40:53
2026,Missouri,Holdma Dix,2,"Sat, Sep 12",Home,-,Kansas,CPU,User vs CPU,Upcoming,-,,,,2026-07-24 16:40:53
2026,Missouri,Holdma Dix,3,"Sat, Sep 19",Away,-,TCU,CPU,User vs CPU,Upcoming,-,,,,2026-07-24 16:40:53
2026,Missouri,Holdma Dix,4,"Sat, Sep 26",Away,-,Iowa State,CPU,User vs CPU,Upcoming,-,,,,2026-07-24 16:40:53
2026,Missouri,Holdma Dix,5,"Sat, Oct 3",Away,-,Kansas State,CPU,User vs CPU,Upcoming,-,,,,2026-07-24 16:40:53
2026,Missouri,Holdma Dix,6,"Sat, Oct 10",Home,8,Texas A&M,CPU,User vs CPU,Upcoming,-,,,,2026-07-24 16:40:53
2026,Missouri,Holdma Dix,7,,-,-,BYE,-,BYE,BYE,-,,,,2026-07-24 16:40:53
2026,Missouri,Holdma Dix,8,"Sat, Oct 24",Away,-,Oklahoma State,bigdaddydoubles,User vs User,Upcoming,-,,,,2026-07-24 16:43:08
2026,Missouri,Holdma Dix,9,,-,-,BYE,-,BYE,BYE,-,,,,2026-07-24 16:43:08
2026,Missouri,Holdma Dix,10,"Sat, Nov 7",Home,16,Texas Tech,CPU,User vs CPU,Upcoming,-,,,,2026-07-24 16:43:08
2026,Missouri,Holdma Dix,11,"Sat, Nov 14",Away,4,Georgia,CPU,User vs CPU,Upcoming,-,,,,2026-07-24 16:43:08
2026,Missouri,Holdma Dix,12,"Sat, Nov 21",Home,-,Kentucky,CPU,User vs CPU,Upcoming,-,,,,2026-07-24 16:43:08
2026,Missouri,Holdma Dix,13,"Sat, Nov 28",Home,10,Oklahoma,CPU,User vs CPU,Upcoming,-,,,,2026-07-24 16:43:08
2026,Missouri,Holdma Dix,14,,-,-,BYE,-,BYE,BYE,-,,,,2026-07-24 16:43:08
2026,Missouri,Holdma Dix,Conf Champ,,-,-,BYE,-,BYE,BYE,-,,,,2026-07-24 16:43:08
2026,Missouri,Holdma Dix,16,,-,-,BYE,-,BYE,BYE,-,,,,2026-07-24 16:43:08
2026,Northwestern,Chefkdh,0,,-,-,BYE,-,BYE,BYE,-,,,,2026-07-24 16:43:20
2026,Northwestern,Chefkdh,1,"Sat, Sep 5",Home,-,Bowling Green,CPU,User vs CPU,Completed,W,41.0,38.0,3.0,2026-07-24 16:43:20
2026,Northwestern,Chefkdh,2,,-,-,BYE,-,BYE,BYE,-,,,,2026-07-24 16:43:20
2026,Northwestern,Chefkdh,3,"Sat, Sep 19",Away,-,Baylor,TigerBo413,User vs User,Upcoming,-,,,,2026-07-24 16:43:20
2026,2026,Northwestern,Chefkdh,4,"Sat, Sep 26",Home,-,UCF,CPU,User vs CPU,Upcoming,-,,,,2026-07-24 16:43:20
2026,Northwestern,Chefkdh,5,"Sat, Oct 3",Away,17,Penn State,CPU,User vs CPU,Upcoming,-,,,,2026-07-24 16:43:20
2026,Northwestern,Chefkdh,6,"Sat, Oct 10",Home,-,Ball State,CPU,User vs CPU,Upcoming,-,,,,2026-07-24 16:43:20
2026,Northwestern,Chefkdh,7,"Sat, Oct 17",Home,-,Michigan State,CPU,User vs CPU,Upcoming,-,,,,2026-07-24 16:43:20
2026,Northwestern,Chefkdh,8,"Sat, Oct 24",Home,-,Rutgers,CPU,User vs CPU,Upcoming,-,,,,2026-07-24 16:43:17
2026,Northwestern,Chefkdh,9,"Sat, Oct 31",Home,-,Purdue,CPU,User vs CPU,Upcoming,-,,,,2026-07-24 16:43:17
2026,Northwestern,Chefkdh,10,"Sat, Nov 7",Home,18,Iowa,CPU,User vs CPU,Upcoming,-,,,,2026-07-24 16:43:17
2026,Northwestern,Chefkdh,11,"Sat, Nov 14",Away,1,Ohio State,CPU,User vs CPU,Upcoming,-,,,,2026-07-24 16:43:17
2026,Northwestern,Chefkdh,12,"Sat, Nov 21",Away,-,Minnesota,CPU,User vs CPU,Upcoming,-,,,,2026-07-24 16:43:17
2026,Northwestern,Chefkdh,13,"Sat, Nov 28",Away,-,Maryland,CPU,User vs CPU,Upcoming,-,,,,2026-07-24 16:43:17
2026,Northwestern,Chefkdh,14,,-,-,BYE,-,BYE,BYE,-,,,,2026-07-24 16:43:17
2026,Northwestern,Chefkdh,Conf Champ,,-,-,BYE,-,BYE,BYE,-,,,,2026-07-24 16:43:17
2026,Northwestern,Chefkdh,16,,-,-,BYE,-,BYE,BYE,-,,,,2026-07-24 16:43:17
2026,Oklahoma State,bigdaddydoubles,0,,-,-,BYE,-,BYE,BYE,-,,,,2026-07-24 16:43:46
2026,Oklahoma State,bigdaddydoubles,1,"Sat, Sep 5",Home,-,Tulsa,CPU,User vs CPU,Completed,W,35.0,7.0,28.0,2026-07-24 16:43:46
2026,Oklahoma State,bigdaddydoubles,2,"Sat, Sep 12",Home,2,Oregon,CPU,User vs CPU,Upcoming,-,,,,2026-07-24 16:43:46
2026,Oklahoma State,bigdaddydoubles,3,"Sat, Sep 19",Home,-,Duke,CPU,User vs CPU,Upcoming,-,,,,2026-07-24 16:43:46
2026,Oklahoma State,bigdaddydoubles,4,"Sat, Sep 26",Home,-,TCU,CPU,User vs CPU,Upcoming,-,,,,2026-07-24 16:43:46
2026,Oklahoma State,bigdaddydoubles,5,"Sat, Oct 3",Away,7,Texas,CPU,User vs CPU,Upcoming,-,,,,2026-07-24 16:43:46
2026,Oklahoma State,bigdaddydoubles,6,"Sat, Oct 10",Home,-,Baylor,TigerBo413,User vs User,Upcoming,-,,,,2026-07-24 16:43:46
2026,Oklahoma State,bigdaddydoubles,7,"Sat, Oct 17",Away,-,Nebraska,CPU,User vs CPU,Upcoming,-,,,,2026-07-24 16:43:46
2026,Oklahoma State,bigdaddydoubles,8,"Sat, Oct 24",Home,-,Missouri,Holdma Dix,User vs User,Upcoming,-,,,,2026-07-24 16:43:48
2026,Oklahoma State,bigdaddydoubles,9,"Sat, Oct 31",Away,10,Oklahoma,CPU,User vs CPU,Upcoming,-,,,,2026-07-24 16:43:48
2026,Oklahoma State,bigdaddydoubles,10,"Sat, Nov 7",Away,-,Kansas State,CPU,User vs CPU,Upcoming,-,,,,2026-07-24 16:43:48
2026,Oklahoma State,bigdaddydoubles,11,"Sat, Nov 14",Home,16,Texas Tech,CPU,User vs CPU,Upcoming,-,,,,2026-07-24 16:43:48
2026,Oklahoma State,bigdaddydoubles,12,"Sat, Nov 21",Home,-,Air Force,CPU,User vs CPU,Upcoming,-,,,,2026-07-24 16:43:48
2026,Oklahoma State,bigdaddydoubles,13,,-,-,BYE,-,BYE,BYE,-,,,,2026-07-24 16:43:48
2026,Oklahoma State,bigdaddydoubles,14,,-,-,BYE,-,BYE,BYE,-,,,,2026-07-24 16:43:48
2026,Oklahoma State,bigdaddydoubles,Conf Champ,,-,-,BYE,-,BYE,BYE,-,,,,2026-07-24 16:43:48
2026,Oklahoma State,bigdaddydoubles,16,,-,-,BYE,-,BYE,BYE,-,,,,2026-07-24 16:43:48
2026,Pittsburgh,aalexbailey,0,,-,-,BYE,-,BYE,BYE,-,,,,2026-07-24 16:43:57
2026,Pittsburgh,aalexbailey,1,"Sat, Sep 5",Home,17,Penn State,CPU,User vs CPU,Completed,W,43.0,37.0,6.0,2026-07-24 16:43:57
2026,Pittsburgh,aalexbailey,2,"Sat, Sep 12",Home,-,Virginia,son_of_beef,User vs User,Upcoming,-,,,,2026-07-24 16:43:57
2026,Pittsburgh,aalexbailey,3,"Sat, Sep 19",Away,-,Wake Forest,CPU,User vs CPU,Upcoming,-,,,,2026-07-24 16:43:57
2026,Pittsburgh,aalexbailey,4,"Sat, Sep 26",Home,-,Clemson,CPU,User vs CPU,Upcoming,-,,,,2026-07-24 16:43:57
2026,Pittsburgh,aalexbailey,5,"Sat, Oct 3",Home,-,Virginia Tech,Rooke1221,User vs User,Upcoming,-,,,,2026-07-24 16:43:57
2026,Pittsburgh,aalexbailey,6,"Sat, Oct 10",Away,-,North Carolina,CPU,User vs CPU,Upcoming,-,,,,2026-07-24 16:43:57
2026,Pittsburgh,aalexbailey,7,"Sat, Oct 17",Home,-,Boston College,CPU,User vs CPU,Upcoming,-,,,,2026-07-24 16:43:57
2026,Pittsburgh,aalexbailey,8,"Sat, Oct 24",Home,4,Georgia,CPU,User vs CPU,Upcoming,-,,,,2026-07-24 16:43:56
2026,Pittsburgh,aalexbailey,9,"Sat, Oct 31",Away,-,Duke,CPU,User vs CPU,Upcoming,-,,,,2026-07-24 16:43:56
2026,Pittsburgh,aalexbailey,10,"Sat, Nov 7",Home,-,UCF,CPU,User vs CPU,Upcoming,-,,,,2026-07-24 16:43:56
2026,Pittsburgh,aalexbailey,11,"Sat, Nov 14",Away,-,Florida State,CPU,User vs CPU,Upcoming,-,,,,2026-07-24 16:43:56
2026,Pittsburgh,aalexbailey,12,,-,-,BYE,-,BYE,BYE,-,,,,2026-07-24 16:43:56
2026,Pittsburgh,aalexbailey,13,"Sat, Nov 28",Home,-,UTEP,CPU,User vs CPU,Upcoming,-,,,,2026-07-24 16:43:56
2026,Pittsburgh,aalexbailey,14,,-,-,BYE,-,BYE,BYE,-,,,,2026-07-24 16:43:56
2026,Pittsburgh,aalexbailey,Conf Champ,,-,-,BYE,-,BYE,BYE,-,,,,2026-07-24 16:43:56
2026,Pittsburgh,aalexbailey,16,,-,-,BYE,-,BYE,BYE,-,,,,2026-07-24 16:43:56
2026,SMU,cfuller23,0,,-,-,BYE,-,BYE,BYE,-,,,,2026-07-24 16:44:06
2026,SMU,cfuller23,1,"Mon, Sep 7",Home,-,Florida State,CPU,User vs CPU,Completed,W,63.0,17.0,46.0,2026-07-24 16:44:06
2026,SMU,cfuller23,2,"Sat, Sep 12",Home,-,Boise State,CPU,User vs CPU,Upcoming,-,,,,2026-07-24 16:44:06
2026,SMU,cfuller23,3,"Sat, Sep 19",Away,-,Stanford,bearofswag,User vs User,Upcoming,-,,,,2026-07-24 16:44:06
2026,SMU,cfuller23,4,"Sat, Sep 26",Away,-,Air Force,CPU,User vs CPU,Upcoming,-,,,,2026-07-24 16:44:06
2026,SMU,cfuller23,5,"Thu, Oct 1",Home,-,Colorado State,CPU,User vs CPU,Upcoming,-,,,,2026-07-24 16:44:06
2026,SMU,cfuller23,6,"Sat, Oct 10",Away,-,New Mexico,CPU,User vs CPU,Upcoming,-,,,,2026-07-24 16:44:06
2026,SMU,cfuller23,7,"Sat, Oct 17",Away,-,San Jose State,CPU,User vs CPU,Upcoming,-,,,,2026-07-24 16:44:06
2026,SMU,cfuller23,8,"Sat, Oct 24",Home,-,Utah State,CPU,User vs CPU,Upcoming,-,,,,2026-07-24 16:44:05
2026,SMU,cfuller23,9,"Sat, Oct 31",Home,-,Nevada,CPU,User vs CPU,Upcoming,-,,,,2026-07-24 16:44:05
2026,SMU,cfuller23,10,"Sat, Nov 7",Away,-,North Dakota State,CPU,User vs CPU,Upcoming,-,,,,2026-07-24 16:44:05
2026,SMU,cfuller23,11,"Sat, Nov 14",Home,-,Wake Forest,CPU,User vs CPU,Upcoming,-,,,,2026-07-24 16:44:05
2026,SMU,cfuller23,12,,-,-,BYE,-,BYE,BYE,-,,,,2026-07-24 16:44:05
2026,SMU,cfuller23,13,"Sat, Nov 28",Away,3,Notre Dame,CPU,User vs CPU,Upcoming,-,,,,2026-07-24 16:44:05
2026,SMU,cfuller23,14,,-,-,BYE,-,BYE,BYE,-,,,,2026-07-24 16:44:05
2026,SMU,cfuller23,Conf Champ,,-,-,BYE,-,BYE,BYE,-,,,,2026-07-24 16:44:05
2026,SMU,cfuller23,16,,-,-,BYE,-,BYE,BYE,-,,,,2026-07-24 16:44:05
2026,South Carolina,Clemson256,0,,-,-,BYE,-,BYE,BYE,-,,,,2026-07-24 16:44:39
2026,South Carolina,Clemson256,1,"Sat, Sep 5",Home,-,UConn,CPU,User vs CPU,Completed,W,56.0,0.0,56.0,2026-07-24 16:44:39
2026,South Carolina,Clemson256,2,"Sat, Sep 12",Away,-,Vanderbilt,CPU,User vs CPU,Upcoming,-,,,,2026-07-24 16:44:39
2026,South Carolina,Clemson256,3,"Sat, Sep 19",Home,-,Mississippi State,CPU,User vs CPU,Upcoming,-,,,,2026-07-24 16:44:39
2026,South Carolina,Clemson256,4,"Sat, Sep 26",Away,13,Alabama,CPU,User vs CPU,Upcoming,-,,,,2026-07-24 16:44:39
2026,South Carolina,Clemson256,5,,-,-,BYE,-,BYE,BYE,-,,,,2026-07-24 16:44:39
2026,South Carolina,Clemson256,6,"Sat, Oct 10",Home,25,Florida,CPU,User vs CPU,Upcoming,-,,,,2026-07-24 16:44:39
2026,South Carolina,Clemson256,7,"Sat, Oct 17",Away,-,Auburn,CPU,User vs CPU,Upcoming,-,,,,2026-07-24 16:44:39
2026,South Carolina,Clemson256,8,"Sat, Oct 24",Away,20,Tennessee,CPU,User vs CPU,Upcoming,-,,,,2026-07-24 16:44:43
2026,South Carolina,Clemson256,9,"Sat, Oct 31",Home,-,Virginia Tech,Rooke1221,User vs User,Upcoming,-,,,,2026-07-24 16:44:43
2026,South Carolina,Clemson256,10,"Sat, Nov 7",Home,8,Texas A&M,CPU,User vs CPU,Upcoming,-,,,,2026-07-24 16:44:43
2026,South Carolina,Clemson256,11,"Sat, Nov 14",Home,-,Arkansas,Clemsontigers1,User vs User,Upcoming,-,,,,2026-07-24 16:44:43
2026,South Carolina,Clemson256,12,"Sat, Nov 21",Home,4,Georgia,CPU,User vs CPU,Upcoming,-,,,,2026-07-24 16:44:43
2026,South Carolina,Clemson256,13,"Sat, Nov 28",Away,-,Clemson,CPU,User vs CPU,Upcoming,-,,,,2026-07-24 16:44:43
2026,South Carolina,Clemson256,14,,-,-,BYE,-,BYE,BYE,-,,,,2026-07-24 16:44:43
2026,South Carolina,Clemson256,Conf Champ,,-,-,BYE,-,BYE,BYE,-,,,,2026-07-24 16:44:43
2026,South Carolina,Clemson256,16,,-,-,BYE,-,BYE,BYE,-,,,,2026-07-24 16:44:43
2026,Stanford,bearofswag,0,,-,-,BYE,-,BYE,BYE,-,,,,2026-07-24 16:45:22
2026,Stanford,bearofswag,1,"Fri, Sep 4",Home,6,Miami,CPU,User vs CPU,Upcoming,-,,,,2026-07-24 16:45:22
2026,Stanford,bearofswag,2,,-,-,BYE,-,BYE,BYE,-,,,,2026-07-24 16:45:22
2026,Stanford,bearofswag,3,"Sat, Sep 19",Home,22,SMU,cfuller23,User vs User,Upcoming,-,,,,2026-07-24 16:45:22
2026,Stanford,bearofswag,4,"Sat, Sep 26",Home,19,Utah,CPU,User vs CPU,Upcoming,-,,,,2026-07-24 16:45:22
2026,Stanford,bearofswag,5,"Sat, Oct 3",Home,12,BYU,CPU,User vs CPU,Upcoming,-,,,,2026-07-24 16:45:22
2026,Stanford,bearofswag,6,"Sat, Oct 10",Away,3,Notre Dame,CPU,User vs CPU,Upcoming,-,,,,2026-07-24 16:45:22
2026,Stanford,bearofswag,7,"Sat, Oct 17",Home,-,Washington State,CPU,User vs CPU,Upcoming,-,,,,2026-07-24 16:45:22
2026,Stanford,bearofswag,8,"Sat, Oct 24",Away,-,Arizona,CPU,User vs CPU,Upcoming,-,,,,2026-07-24 16:47:10
2026,Stanford,bearofswag,9,"Sat, Oct 31",Away,15,USC,CPU,User vs CPU,Upcoming,-,,,,2026-07-24 16:47:10
2026,Stanford,bearofswag,10,"Thu, Nov 5",Away,2,Oregon,CPU,User vs CPU,Upcoming,-,,,,2026-07-24 16:47:10
2026,Stanford,bearofswag,11,"Sat, Nov 14",Home,-,New Mexico,CPU,User vs CPU,Upcoming,-,,,,2026-07-24 16:47:10
2026,Stanford,bearofswag,12,"Sat, Nov 21",Away,-,UCLA,CPU,User vs CPU,Upcoming,-,,,,2026-07-24 16:47:10
2026,Stanford,bearofswag,13,"Sat, Nov 28",Home,-,Oregon State,CPU,User vs CPU,Upcoming,-,,,,2026-07-24 16:47:10
2026,Stanford,bearofswag,14,,-,-,BYE,-,BYE,BYE,-,,,,2026-07-24 16:47:10
2026,Stanford,bearofswag,Conf Champ,,-,-,BYE,-,BYE,BYE,-,,,,2026-07-24 16:47:10
2026,Stanford,bearofswag,16,,-,-,BYE,-,BYE,BYE,-,,,,2026-07-24 16:47:10
2026,Temple,reign_man34,0,,-,-,BYE,-,BYE,BYE,-,,,,2026-07-24 16:47:29
2026,Temple,reign_man34,1,"Sat, Sep 5",Home,-,Akron,CPU,User vs CPU,Completed,W,35.0,14.0,21.0,2026-07-24 16:47:29
2026,Temple,reign_man34,2,"Sat, Sep 12",Home,17,Penn State,CPU,User vs CPU,Upcoming,-,,,,2026-07-24 16:47:29
2026,Temple,reign_man34,3,"Sat, Sep 19",Away,-,California,Ben,User vs User,Upcoming,-,,,,2026-07-24 16:47:29
2026,Temple,reign_man34,4,"Sat, Sep 26",Home,-,Army,CPU,User vs CPU,Upcoming,-,,,,2026-07-24 16:47:29
2026,Temple,reign_man34,5,"Sat, Oct 3",Away,-,USF,CPU,User vs CPU,Upcoming,-,,,,2026-07-24 16:47:29
2026,Temple,reign_man34,6,"Sat, Oct 10",Home,-,UConn,CPU,User vs CPU,Upcoming,-,,,,2026-07-24 16:47:29
2026,Temple,reign_man34,7,"Sat, Oct 17",Home,-,Charlotte,CPU,User vs CPU,Upcoming,-,,,,2026-07-24 16:47:29
2026,Temple,reign_man34,8,,-,-,BYE,-,BYE,BYE,-,,,,2026-07-24 16:47:20
2026,Temple,reign_man34,9,"Sat, Oct 31",Away,-,East Carolina,CPU,User vs CPU,Upcoming,-,,,,2026-07-24 16:47:20
2026,Temple,reign_man34,10,"Sat, Nov 7",Away,-,Navy,CPU,User vs CPU,Upcoming,-,,,,2026-07-24 16:47:20
2026,Temple,reign_man34,11,"Sat, Nov 14",Home,-,UAB,CPU,User vs CPU,Upcoming,-,,,,2026-07-24 16:47:20
2026,Temple,reign_man34,12,"Thu, Nov 19",Home,-,Rice,CPU,User vs CPU,Upcoming,-,,,,2026-07-24 16:47:20
2026,Temple,reign_man34,13,"Sat, Nov 28",Away,-,Memphis,CPU,User vs CPU,Upcoming,-,,,,2026-07-24 16:47:20
2026,Temple,reign_man34,14,,-,-,BYE,-,BYE,BYE,-,,,,2026-07-24 16:47:20
2026,Temple,reign_man34,Conf Champ,,-,-,BYE,-,BYE,BYE,-,,,,2026-07-24 16:47:20
2026,Temple,reign_man34,16,,-,-,BYE,-,BYE,BYE,-,,,,2026-07-24 16:47:20
2026,Virginia Tech,Rooke1221,0,,-,-,BYE,-,BYE,BYE,-,,,,2026-07-24 16:48:46
2026,Virginia Tech,Rooke1221,1,"Sat, Sep 5",Home,-,Ball State,CPU,User vs CPU,Completed,W,52.0,7.0,45.0,2026-07-24 16:48:46
2026,Virginia Tech,Rooke1221,2,"Sat, Sep 12",Home,-,Wake Forest,CPU,User vs CPU,Upcoming,-,,,,2026-07-24 16:48:46
2026,Virginia Tech,Rooke1221,3,"Sat, Sep 19",Home,24,Louisville,CPU,User vs CPU,Upcoming,-,,,,2026-07-24 16:48:46
2026,Virginia Tech,Rooke1221,4,"Sat, Sep 26",Home,-,Boston College,CPU,User vs CPU,Upcoming,-,,,,2026-07-24 16:48:46
2026,Virginia Tech,Rooke1221,5,"Sat, Oct 3",Away,-,Pittsburgh,aalexbailey,User vs User,Upcoming,-,,,,2026-07-24 16:48:46
2026,Virginia Tech,Rooke1221,6,"Sat, Oct 10",Home,-,Maryland,CPU,User vs CPU,Upcoming,-,,,,2026-07-24 16:48:46
2026,Virginia Tech,Rooke1221,7,"Sat, Oct 17",Home,-,Georgia Tech,CPU,User vs CPU,Upcoming,-,,,,2026-07-24 16:48:46
2026,Virginia Tech,Rooke1221,8,"Sat, Oct 24",Away,-,NC State,CPU,User vs CPU,Upcoming,-,,,,2026-07-24 16:48:22
2026,Virginia Tech,Rooke1221,9,"Sat, Oct 31",Away,-,South Carolina,Clemson256,User vs User,Upcoming,-,,,,2026-07-24 16:48:22
2026,Virginia Tech,Rooke1221,10,,-,-,BYE,-,BYE,BYE,-,,,,2026-07-24 16:48:22
2026,Virginia Tech,Rooke1221,11,"Sat, Nov 14",Home,-,Oregon State,CPU,User vs CPU,Upcoming,-,,,,2026-07-24 16:48:22
2026,Virginia Tech,Rooke1221,12,"Sat, Nov 21",Away,6,Miami,CPU,User vs CPU,Upcoming,-,,,,2026-07-24 16:48:22
2026,Virginia Tech,Rooke1221,13,"Sat, Nov 28",Away,-,Virginia,son_of_beef,User vs User,Upcoming,-,,,,2026-07-24 16:48:22
2026,Virginia Tech,Rooke1221,14,,-,-,BYE,-,BYE,BYE,-,,,,2026-07-24 16:48:22
2026,Virginia Tech,Rooke1221,Conf Champ,,-,-,BYE,-,BYE,BYE,-,,,,2026-07-24 16:48:22
2026,Virginia Tech,Rooke1221,16,,-,-,BYE,-,BYE,BYE,-,,,,2026-07-24 16:48:22
2026,West Virginia,Garnet Blood,0,,-,-,BYE,-,BYE,BYE,-,,,,2026-07-24 16:48:58
2026,West Virginia,Garnet Blood,1,"Sat, Sep 5",Away,-,UTEP,CPU,User vs CPU,Completed,W,21.0,17.0,4.0,2026-07-24 16:48:58
2026,West Virginia,Garnet Blood,2,"Sat, Sep 12",Away,-,Florida International,CPU,User vs CPU,Upcoming,-,,,,2026-07-24 16:48:58
2026,West Virginia,Garnet Blood,3,"Sat, Sep 19",Home,-,Wisconsin,Whobedis,User vs User,Upcoming,-,,,,2026-07-24 16:48:58
2026,West Virginia,Garnet Blood,4,"Sat, Sep 26",Home,-,New Mexico State,CPU,User vs CPU,Upcoming,-,,,,2026-07-24 16:48:58
2026,West Virginia,Garnet Blood,5,,-,-,BYE,-,BYE,BYE,-,,,,2026-07-24 16:48:58
2026,West Virginia,Garnet Blood,6,"Sat, Oct 10",Home,-,Sam Houston,CPU,User vs CPU,Upcoming,-,,,,2026-07-24 16:48:58
2026,West Virginia,Garnet Blood,7,"Sat, Oct 17",Away,-,Cincinnati,CPU,User vs CPU,Upcoming,-,,,,2026-07-24 16:48:58
2026,West Virginia,Garnet Blood,8,"Sat, Oct 24",Home,-,Louisiana Tech,CPU,User vs CPU,Upcoming,-,,,,2026-07-24 16:49:16
2026,West Virginia,Garnet Blood,9,"Sat, Oct 31",Away,-,Delaware,CPU,User vs CPU,Upcoming,-,,,,2026-07-24 16:49:16
2026,West Virginia,Garnet Blood,10,"Sat, Nov 7",Home,-,Missouri State,CPU,User vs CPU,Upcoming,-,,,,2026-07-24 16:49:16
2026,West Virginia,Garnet Blood,11,"Sat, Nov 14",Home,-,Kansas,CPU,User vs CPU,Upcoming,-,,,,2026-07-24 16:49:16
2026,West Virginia,Garnet Blood,12,"Sat, Nov 21",Home,21,Houston,CPU,User vs CPU,Upcoming,-,,,,2026-07-24 16:49:16
2026,West Virginia,Garnet Blood,13,"Fri, Nov 27",Away,19,Utah,CPU,User vs CPU,Upcoming,-,,,,2026-07-24 16:49:16
2026,West Virginia,Garnet Blood,14,,-,-,BYE,-,BYE,BYE,-,,,,2026-07-24 16:49:16
2026,West Virginia,Garnet Blood,Conf Champ,,-,-,BYE,-,BYE,BYE,-,,,,2026-07-24 16:49:16
2026,West Virginia,Garnet Blood,16,,-,-,BYE,-,BYE,BYE,-,,,,2026-07-24 16:49:16
2026,Wisconsin,Whobedis,0,,-,-,BYE,-,BYE,BYE,-,,,,2026-07-24 16:49:26
2026,Wisconsin,Whobedis,1,"Sat, Sep 5",Home,-,Georgia Tech,CPU,User vs CPU,Upcoming,-,,,,2026-07-24 16:49:26
2026,Wisconsin,Whobedis,2,"Sat, Sep 12",Home,-,Auburn,CPU,User vs CPU,Upcoming,-,,,,2026-07-24 16:49:26
2026,Wisconsin,Whobedis,3,"Sat, Sep 19",Away,-,West Virginia,Garnet Blood,User vs User,Upcoming,-,,,,2026-07-24 16:49:26
2026,Wisconsin,Whobedis,4,"Sat, Sep 26",Away,17,Penn State,CPU,User vs CPU,Upcoming,-,,,,2026-07-24 16:49:26
2026,Wisconsin,Whobedis,5,"Thu, Oct 1",Home,5,Indiana,CPU,User vs CPU,Upcoming,-,,,,2026-07-24 16:49:26
2026,Wisconsin,Whobedis,6,"Sat, Oct 10",Home,14,Michigan,CPU,User vs CPU,Upcoming,-,,,,2026-07-24 16:49:26
2026,Wisconsin,Whobedis,7,"Sat, Oct 17",Home,-,UL Monroe,CPU,User vs CPU,Upcoming,-,,,,2026-07-24 16:49:26
2026,Wisconsin,Whobedis,8,"Sat, Oct 24",Away,1,Ohio State,CPU,User vs CPU,Upcoming,-,,,,2026-07-24 16:49:26
2026,Wisconsin,Whobedis,9,"Sat, Oct 31",Home,18,Iowa,CPU,User vs CPU,Upcoming,-,,,,2026-07-24 16:49:26
2026,Wisconsin,Whobedis,10,"Sat, Nov 7",Away,-,Rutgers,CPU,User vs CPU,Upcoming,-,,,,2026-07-24 16:49:26
2026,Wisconsin,Whobedis,11,"Sat, Nov 14",Away,-,Maryland,CPU,User vs CPU,Upcoming,-,,,,2026-07-24 16:49:26
2026,Wisconsin,Whobedis,12,"Sat, Nov 21",Home,-,Purdue,CPU,User vs CPU,Upcoming,-,,,,2026-07-24 16:49:26
2026,Wisconsin,Whobedis,13,,-,-,BYE,-,BYE,BYE,-,,,,2026-07-24 16:49:26
2026,Wisconsin,Whobedis,14,,-,-,BYE,-,BYE,BYE,-,,,,2026-07-24 16:49:26
2026,Wisconsin,Whobedis,Conf Champ,,-,-,BYE,-,BYE,BYE,-,,,,2026-07-24 16:49:26
2026,Wisconsin,Whobedis,16,,-,-,BYE,-,BYE,BYE,-,,,,2026-07-24 16:49:26
