Team,User,Week,Date,Location,Opponent_Rank,Opponent,Opponent_User,Matchup_Type,Status,Outcome,Team_Score,Opponent_Score,Margin,Last_Updated,Season,Opponent_Rank_At_Game
Arizona State,ietiger81,0,,-,-,BYE,-,BYE,BYE,-,,,,2026-08-08 12:18:39,2026,
Arizona State,ietiger81,1,"Sat, Sep 5",Home,-,FCS Midwest,CPU,User vs CPU,Completed,W,52.0,17.0,35.0,2026-08-08 12:18:39,2026,-
Arizona State,ietiger81,2,"Thu, Sep 10",Home,-,UTSA,CPU,User vs CPU,Completed,W,45.0,16.0,29.0,2026-08-08 12:18:39,2026,-
Arizona State,ietiger81,3,,-,-,BYE,-,BYE,BYE,-,,,,2026-08-08 12:18:39,2026,
Arizona State,ietiger81,4,"Sat, Sep 26",Away,-,Washington State,CPU,User vs CPU,Completed,W,42.0,39.0,3.0,2026-08-08 12:18:39,2026,-
Arizona State,ietiger81,5,"Sat, Oct 3",Home,-,UCF,CPU,User vs CPU,Completed,W,41.0,31.0,10.0,2026-08-08 12:18:39,2026,-
Arizona State,ietiger81,6,"Sat, Oct 10",Home,-,Oregon,CPU,User vs CPU,Completed,L,0.0,31.0,-31.0,2026-08-08 12:18:39,2026,-
Arizona State,ietiger81,7,"Sat, Oct 17",Away,-,Oregon State,CPU,User vs CPU,Completed,L,24.0,38.0,-14.0,2026-08-08 12:18:39,2026,-
Arizona State,ietiger81,8,"Sat, Oct 24",Away,-,Utah,CPU,User vs CPU,Completed,L,13.0,14.0,-1.0,2026-08-08 12:18:39,2026,-
Arizona State,Brian,9,"Sat, Oct 31",Away,6,BYU,CPU,User vs CPU,Upcoming,-,,,,2026-07-25 13:44:45,2026,
Arizona State,Brian,10,"Sat, Nov 7",Away,-,Colorado,tigerbrave27,User vs User,Upcoming,-,,,,2026-07-25 13:44:45,2026,
Arizona State,Brian,11,"Sat, Nov 14",Home,9,USC,CPU,User vs CPU,Upcoming,-,,,,2026-07-25 13:44:45,2026,
Arizona State,Brian,12,"Sat, Nov 21",Home,-,California,Ben,User vs User,Upcoming,-,,,,2026-07-25 13:44:45,2026,
Arizona State,Brian,13,"Sat, Nov 28",Home,23,Arizona,CPU,User vs CPU,Upcoming,-,,,,2026-07-25 13:44:45,2026,
Arizona State,Brian,14,,-,-,BYE,-,BYE,BYE,-,,,,2026-07-25 13:44:45,2026,
Arizona State,Brian,Conf Champ,,-,-,BYE,-,BYE,BYE,-,,,,2026-07-25 13:44:45,2026,
Arizona State,Brian,16,,-,-,BYE,-,BYE,BYE,-,,,,2026-07-25 13:44:45,2026,
Arkansas,dbailey287,0,"Sat, Aug 29",Away,21,Missouri,pancake_bear24_67064,User vs User,Completed,W,42.0,21.0,21.0,2026-08-08 12:18:38,2026,-
Arkansas,dbailey287,1,"Sat, Sep 5",Home,9,Ohio State,CPU,User vs CPU,Completed,W,38.0,28.0,10.0,2026-08-08 12:18:38,2026,1
Arkansas,dbailey287,2,"Sat, Sep 12",Home,-,Utah,CPU,User vs CPU,Completed,W,31.0,30.0,1.0,2026-08-08 12:18:38,2026,-
Arkansas,dbailey287,3,"Sat, Sep 19",Away,-,Georgia,CPU,User vs CPU,Completed,W,45.0,20.0,25.0,2026-08-08 12:18:38,2026,3
Arkansas,dbailey287,4,"Sat, Sep 26",Away,-,Ole Miss,CPU,User vs CPU,Completed,W,45.0,38.0,7.0,2026-08-08 12:18:38,2026,15
Arkansas,dbailey287,5,,-,-,BYE,-,BYE,BYE,-,,,,2026-08-08 12:18:38,2026,
Arkansas,dbailey287,6,"Sat, Oct 10",Home,-,Tennessee,CPU,User vs CPU,Completed,W,49.0,46.0,3.0,2026-08-08 12:18:38,2026,-
Arkansas,dbailey287,7,"Sat, Oct 17",Home,-,Vanderbilt,CPU,User vs CPU,Completed,W,45.0,38.0,7.0,2026-08-08 12:18:38,2026,-
Arkansas,dbailey287,8,,-,-,BYE,-,BYE,BYE,-,,,,2026-08-08 12:18:38,2026,
Arkansas,Clemsontigers1,9,"Sat, Oct 31",Home,7,Alabama,CPU,User vs CPU,Upcoming,-,,,,2026-07-25 13:44:51,2026,
Arkansas,Clemsontigers1,10,"Sat, Nov 7",Home,-,Kentucky,CPU,User vs CPU,Upcoming,-,,,,2026-07-25 13:44:51,2026,
Arkansas,Clemsontigers1,11,"Sat, Nov 14",Away,21,South Carolina,Clemson256,User vs User,Upcoming,-,,,,2026-07-25 13:44:51,2026,
Arkansas,Clemsontigers1,12,"Sat, Nov 21",Home,1,Texas,CPU,User vs CPU,Upcoming,-,,,,2026-07-25 13:44:51,2026,
Arkansas,Clemsontigers1,13,"Sat, Nov 28",Away,5,LSU,CPU,User vs CPU,Upcoming,-,,,,2026-07-25 13:44:51,2026,
Arkansas,Clemsontigers1,14,,-,-,BYE,-,BYE,BYE,-,,,,2026-07-25 13:44:51,2026,
Arkansas,Clemsontigers1,Conf Champ,,-,-,BYE,-,BYE,BYE,-,,,,2026-07-25 13:44:51,2026,
Arkansas,Clemsontigers1,16,,-,-,BYE,-,BYE,BYE,-,,,,2026-07-25 13:44:51,2026,
Baylor,tigerbo134_85571,0,,-,-,BYE,-,BYE,BYE,-,,,,2026-08-08 12:18:40,2026,
Baylor,tigerbo134_85571,1,"Sat, Sep 5",Home,-,Auburn,CPU,User vs CPU,Completed,W,31.0,16.0,15.0,2026-08-08 12:18:40,2026,-
Baylor,tigerbo134_85571,2,"Sat, Sep 12",Home,11,Texas,CPU,User vs CPU,Completed,L,25.0,28.0,-3.0,2026-08-08 12:18:40,2026,1
Baylor,tigerbo134_85571,3,"Sat, Sep 19",Home,-,Northwestern,dbherron,User vs User,Completed,W,82.0,10.0,72.0,2026-08-08 12:18:40,2026,-
Baylor,tigerbo134_85571,4,"Sat, Sep 26",Home,19,Colorado,tigerbrave27,User vs User,Completed,L,13.0,29.0,-16.0,2026-08-08 12:18:40,2026,-
Baylor,tigerbo134_85571,5,"Thu, Oct 1",Away,-,Nebraska,CPU,User vs CPU,Completed,W,28.0,21.0,7.0,2026-08-08 12:18:40,2026,-
Baylor,tigerbo134_85571,6,"Sat, Oct 10",Away,7,Oklahoma State,bigdaddydoubles,User vs User,Completed,L,36.0,55.0,-19.0,2026-08-08 12:18:40,2026,10
Baylor,tigerbo134_85571,7,,-,-,BYE,-,BYE,BYE,-,,,,2026-08-08 12:18:40,2026,
Baylor,tigerbo134_85571,8,"Sat, Oct 24",Home,-,Missouri State,CPU,User vs CPU,Upcoming,-,,,,2026-08-08 12:18:40,2026,
Baylor,TigerBo413,9,"Sat, Oct 31",Away,20,Texas A&M,CPU,User vs CPU,Upcoming,-,,,,2026-07-25 13:44:55,2026,
Baylor,TigerBo413,10,"Sat, Nov 7",Home,-,Iowa State,CPU,User vs CPU,Upcoming,-,,,,2026-07-25 13:44:55,2026,
Baylor,TigerBo413,11,"Sat, Nov 14",Home,6,BYU,CPU,User vs CPU,Upcoming,-,,,,2026-07-25 13:44:55,2026,
Baylor,TigerBo413,12,"Sat, Nov 21",Home,-,Kansas State,CPU,User vs CPU,Upcoming,-,,,,2026-07-25 13:44:55,2026,
Baylor,TigerBo413,13,"Sat, Nov 28",Away,16,Houston,CPU,User vs CPU,Upcoming,-,,,,2026-07-25 13:44:55,2026,
Baylor,TigerBo413,14,,-,-,BYE,-,BYE,BYE,-,,,,2026-07-25 13:44:55,2026,
Baylor,TigerBo413,Conf Champ,,-,-,BYE,-,BYE,BYE,-,,,,2026-07-25 13:44:55,2026,
Baylor,TigerBo413,16,,-,-,BYE,-,BYE,BYE,-,,,,2026-07-25 13:44:55,2026,
California,benmoore_91313,0,,-,-,BYE,-,BYE,BYE,-,,,,2026-08-08 12:18:41,2026,
California,benmoore_91313,1,"Sat, Sep 5",Home,-,UCLA,CPU,User vs CPU,Completed,W,35.0,21.0,14.0,2026-08-08 12:18:41,2026,-
California,benmoore_91313,2,"Sat, Sep 12",Home,-,Syracuse,CPU,User vs CPU,Completed,W,31.0,8.0,23.0,2026-08-08 12:18:41,2026,-
California,benmoore_91313,3,"Sat, Sep 19",Home,-,Temple,reign_man34,User vs User,Completed,W,45.0,0.0,45.0,2026-08-08 12:18:41,2026,-
California,benmoore_91313,4,"Sat, Sep 26",Away,10,BYU,CPU,User vs CPU,Completed,W,34.0,31.0,3.0,2026-08-08 12:18:41,2026,3
California,benmoore_91313,5,"Sat, Oct 3",Home,-,Arizona,CPU,User vs CPU,Completed,W,44.0,14.0,30.0,2026-08-08 12:18:41,2026,21
California,benmoore_91313,6,"Sat, Oct 10",Away,-,Oregon State,CPU,User vs CPU,Completed,W,42.0,14.0,28.0,2026-08-08 12:18:41,2026,-
California,benmoore_91313,7,,-,-,BYE,-,BYE,BYE,-,,,,2026-08-08 12:18:41,2026,
California,benmoore_91313,8,"Sat, Oct 24",Home,25,Washington,CPU,User vs CPU,Upcoming,-,,,,2026-08-08 12:18:41,2026,
California,Ben,9,"Sat, Oct 31",Home,12,Oregon,CPU,User vs CPU,Upcoming,-,,,,2026-07-25 13:44:58,2026,
California,Ben,10,"Sat, Nov 7",Away,-,Washington State,CPU,User vs CPU,Upcoming,-,,,,2026-07-25 13:44:58,2026,
California,Ben,11,"Sat, Nov 14",Away,-,Boise State,CPU,User vs CPU,Upcoming,-,,,,2026-07-25 13:44:58,2026,
California,Ben,12,"Sat, Nov 21",Away,-,Arizona State,Brian,User vs User,Upcoming,-,,,,2026-07-25 13:44:58,2026,
California,Ben,13,"Sat, Nov 28",Home,-,Vanderbilt,CPU,User vs CPU,Upcoming,-,,,,2026-07-25 13:44:58,2026,
California,Ben,14,,-,-,BYE,-,BYE,BYE,-,,,,2026-07-25 13:44:58,2026,
California,Ben,Conf Champ,,-,-,BYE,-,BYE,BYE,-,,,,2026-07-25 13:44:58,2026,
California,Ben,16,,-,-,BYE,-,BYE,BYE,-,,,,2026-07-25 13:44:58,2026,
Colorado,tigerbrave27,0,,-,-,BYE,-,BYE,BYE,-,,,,2026-08-08 12:18:32,2026,
Colorado,tigerbrave27,1,"Sat, Sep 5",Away,-,Texas A&M,CPU,User vs CPU,Completed,W,35.0,24.0,11.0,2026-08-08 12:18:32,2026,8
Colorado,tigerbrave27,2,"Sat, Sep 12",Away,20,Oklahoma,CPU,User vs CPU,Completed,W,23.0,20.0,3.0,2026-08-08 12:18:32,2026,4
Colorado,tigerbrave27,3,"Sat, Sep 19",Home,11,Texas,CPU,User vs CPU,Completed,W,42.0,17.0,25.0,2026-08-08 12:18:32,2026,2
Colorado,tigerbrave27,4,"Sat, Sep 26",Away,-,Baylor,tigerbo134_85571,User vs User,Completed,W,29.0,13.0,16.0,2026-08-08 12:18:32,2026,-
Colorado,tigerbrave27,5,,-,-,BYE,-,BYE,BYE,-,,,,2026-08-08 12:18:32,2026,
Colorado,tigerbrave27,6,"Sat, Oct 10",Home,-,Arizona,CPU,User vs CPU,Completed,W,38.0,7.0,31.0,2026-08-08 12:18:32,2026,-
Colorado,tigerbrave27,7,"Sat, Oct 17",Home,-,UCF,CPU,User vs CPU,Completed,W,28.0,0.0,28.0,2026-08-08 12:18:32,2026,-
Colorado,tigerbrave27,8,"Sat, Oct 24",Home,-,Nebraska,CPU,User vs CPU,Completed,W,37.0,24.0,13.0,2026-08-08 12:18:32,2026,-
Colorado,tigerbrave27,9,"Sat, Oct 31",Home,-,Kansas State,CPU,User vs CPU,Upcoming,-,,,,2026-07-25 13:45:02,2026,
Colorado,tigerbrave27,10,"Sat, Nov 7",Home,-,Arizona State,Brian,User vs User,Upcoming,-,,,,2026-07-25 13:45:02,2026,
Colorado,tigerbrave27,11,"Sat, Nov 14",Away,-,TCU,CPU,User vs CPU,Upcoming,-,,,,2026-07-25 13:45:02,2026,
Colorado,tigerbrave27,12,"Sat, Nov 21",Home,-,Iowa State,CPU,User vs CPU,Upcoming,-,,,,2026-07-25 13:45:02,2026,
Colorado,tigerbrave27,13,"Sat, Nov 28",Away,-,Cincinnati,CPU,User vs CPU,Upcoming,-,,,,2026-07-25 13:45:02,2026,
Colorado,tigerbrave27,14,,-,-,BYE,-,BYE,BYE,-,,,,2026-07-25 13:45:02,2026,
Colorado,tigerbrave27,Conf Champ,,-,-,BYE,-,BYE,BYE,-,,,,2026-07-25 13:45:02,2026,
Colorado,tigerbrave27,16,,-,-,BYE,-,BYE,BYE,-,,,,2026-07-25 13:45:02,2026,
Kentucky,travisdunn070896,0,"Sat, Aug 29",Home,-,South Alabama,CPU,User vs CPU,Completed,L,10.0,17.0,-7.0,2026-08-08 12:18:34,2026,-
Kentucky,travisdunn070896,1,"Sat, Sep 5",Home,-,FCS Southeast,CPU,User vs CPU,Completed,W,33.0,0.0,33.0,2026-08-08 12:18:34,2026,-
Kentucky,travisdunn070896,2,"Mon, Sep 14",Home,-,Alabama,CPU,User vs CPU,Completed,L,17.0,24.0,-7.0,2026-08-08 12:18:34,2026,7
Kentucky,travisdunn070896,3,,-,-,BYE,-,BYE,BYE,-,,,,2026-08-08 12:18:34,2026,
Kentucky,travisdunn070896,4,"Sat, Sep 26",Away,-,Mississippi State,CPU,User vs CPU,Completed,W,24.0,14.0,10.0,2026-08-08 12:18:34,2026,-
Kentucky,travisdunn070896,5,"Sat, Oct 3",Home,-,Ole Miss,CPU,User vs CPU,Completed,W,34.0,14.0,20.0,2026-08-08 12:18:34,2026,24
Kentucky,travisdunn070896,6,"Sat, Oct 10",Home,-,Auburn,CPU,User vs CPU,Completed,W,20.0,14.0,6.0,2026-08-08 12:18:34,2026,-
Kentucky,travisdunn070896,7,"Sat, Oct 17",Away,-,Georgia,CPU,User vs CPU,Completed,L,35.0,59.0,-24.0,2026-08-08 12:18:34,2026,14
Kentucky,travisdunn070896,8,"Sat, Oct 24",Home,-,Vanderbilt,CPU,User vs CPU,Completed,W,41.0,17.0,24.0,2026-08-08 12:18:34,2026,-
Kentucky,travisdunn070896,9,,-,-,BYE,-,BYE,BYE,-,,,,2026-07-26 18:47:02,2026,
Kentucky,travisdunn070896,10,"Sat, Nov 7",Away,-,Arkansas,dbailey287,User vs User,Upcoming,-,,,,2026-07-26 18:47:02,2026,
Kentucky,travisdunn070896,11,"Sat, Nov 14",Away,-,Florida,CPU,User vs CPU,Upcoming,-,,,,2026-07-26 18:47:02,2026,
Kentucky,travisdunn070896,12,"Sat, Nov 21",Away,-,Missouri,pancake_bear24_67064,User vs User,Upcoming,-,,,,2026-07-26 18:47:02,2026,
Kentucky,travisdunn070896,13,"Sat, Nov 28",Away,10,Louisville,CPU,User vs CPU,Upcoming,-,,,,2026-07-26 18:47:02,2026,
Kentucky,travisdunn070896,14,,-,-,BYE,-,BYE,BYE,-,,,,2026-07-26 18:47:02,2026,
Kentucky,travisdunn070896,Conf Champ,,-,-,BYE,-,BYE,BYE,-,,,,2026-07-26 18:47:02,2026,
Kentucky,travisdunn070896,16,,-,-,BYE,-,BYE,BYE,-,,,,2026-07-26 18:47:02,2026,
Maryland,coys35,0,"Sat, Aug 29",Home,-,FCS Northwest,CPU,User vs CPU,Completed,W,56.0,3.0,53.0,2026-08-08 12:18:35,2026,-
Maryland,coys35,1,"Sat, Sep 5",Home,-,FCS East,CPU,User vs CPU,Completed,W,34.0,7.0,27.0,2026-08-08 12:18:35,2026,-
Maryland,coys35,2,"Sat, Sep 12",Away,-,UConn,CPU,User vs CPU,Completed,L,24.0,27.0,-3.0,2026-08-08 12:18:35,2026,-
Maryland,coys35,3,"Sat, Sep 19",Home,3,Michigan,CPU,User vs CPU,Completed,L,13.0,21.0,-8.0,2026-08-08 12:18:35,2026,3
Maryland,coys35,4,"Sat, Sep 26",Away,-,Minnesota,CPU,User vs CPU,Completed,L,39.0,42.0,-3.0,2026-08-08 12:18:35,2026,-
Maryland,coys35,5,,-,-,BYE,-,BYE,BYE,-,,,,2026-08-08 12:18:35,2026,
Maryland,coys35,6,"Sat, Oct 10",Away,-,Virginia Tech,rooke1221,User vs User,Completed,L,7.0,38.0,-31.0,2026-08-08 12:18:35,2026,-
Maryland,coys35,7,"Sat, Oct 17",Away,-,Rutgers,CPU,User vs CPU,Completed,W,31.0,28.0,3.0,2026-08-08 12:18:35,2026,-
Maryland,coys35,8,"Mon, Oct 26",Home,-,Michigan State,CPU,User vs CPU,Completed,W,35.0,17.0,18.0,2026-08-08 12:18:35,2026,-
Missouri,pancake_bear24_67064,0,"Sat, Aug 29",Home,13,Arkansas,dbailey287,User vs User,Completed,L,21.0,42.0,-21.0,2026-08-08 12:18:35,2026,-
Missouri,pancake_bear24_67064,1,"Thu, Sep 3",Home,-,Boston College,CPU,User vs CPU,Completed,W,40.0,28.0,12.0,2026-08-08 12:18:35,2026,-
Missouri,pancake_bear24_67064,2,"Sat, Sep 12",Home,-,Kansas,CPU,User vs CPU,Completed,L,35.0,38.0,-3.0,2026-08-08 12:18:35,2026,-
Missouri,pancake_bear24_67064,3,"Sat, Sep 19",Away,-,TCU,CPU,User vs CPU,Completed,W,49.0,42.0,7.0,2026-08-08 12:18:35,2026,-
Missouri,pancake_bear24_67064,4,"Sat, Sep 26",Away,-,Iowa State,CPU,User vs CPU,Completed,W,35.0,32.0,3.0,2026-08-08 12:18:35,2026,-
Missouri,pancake_bear24_67064,5,"Sat, Oct 3",Away,-,Kansas State,CPU,User vs CPU,Completed,W,36.0,24.0,12.0,2026-08-08 12:18:35,2026,-
Missouri,pancake_bear24_67064,6,"Sat, Oct 10",Home,-,Texas A&M,CPU,User vs CPU,Completed,W,30.0,17.0,13.0,2026-08-08 12:18:35,2026,14
Missouri,pancake_bear24_67064,7,,-,-,BYE,-,BYE,BYE,-,,,,2026-08-08 12:18:35,2026,
Missouri,pancake_bear24_67064,8,"Sat, Oct 24",Away,7,Oklahoma State,bigdaddydoubles,User vs User,Upcoming,-,,,,2026-08-08 12:18:35,2026,
Missouri,Holdma Dix,9,,-,-,BYE,-,BYE,BYE,-,,,,2026-07-25 13:45:06,2026,
Missouri,Holdma Dix,10,"Sat, Nov 7",Home,11,Texas Tech,CPU,User vs CPU,Upcoming,-,,,,2026-07-25 13:45:06,2026,
Missouri,Holdma Dix,11,"Sat, Nov 14",Away,2,Georgia,CPU,User vs CPU,Upcoming,-,,,,2026-07-25 13:45:06,2026,
Missouri,Holdma Dix,12,"Sat, Nov 21",Home,-,Kentucky,CPU,User vs CPU,Upcoming,-,,,,2026-07-25 13:45:06,2026,
Missouri,Holdma Dix,13,"Sat, Nov 28",Home,4,Oklahoma,CPU,User vs CPU,Upcoming,-,,,,2026-07-25 13:45:06,2026,
Missouri,Holdma Dix,14,,-,-,BYE,-,BYE,BYE,-,,,,2026-07-25 13:45:06,2026,
Missouri,Holdma Dix,Conf Champ,,-,-,BYE,-,BYE,BYE,-,,,,2026-07-25 13:45:06,2026,
Missouri,Holdma Dix,16,,-,-,BYE,-,BYE,BYE,-,,,,2026-07-25 13:45:06,2026,
Northwestern,dbherron,0,,-,-,BYE,-,BYE,BYE,-,,,,2026-08-08 12:18:37,2026,
Northwestern,dbherron,1,"Sat, Sep 5",Home,-,Bowling Green,CPU,User vs CPU,Completed,W,41.0,38.0,3.0,2026-08-08 12:18:37,2026,-
Northwestern,dbherron,2,,-,-,BYE,-,BYE,BYE,-,,,,2026-08-08 12:18:37,2026,
Northwestern,dbherron,3,"Sat, Sep 19",Away,-,Baylor,tigerbo134_85571,User vs User,Completed,L,10.0,82.0,-72.0,2026-08-08 12:18:37,2026,-
Northwestern,dbherron,4,"Sat, Sep 26",Home,-,UCF,CPU,User vs CPU,Completed,L,45.0,52.0,-7.0,2026-08-08 12:18:37,2026,-
Northwestern,dbherron,5,"Sat, Oct 3",Away,-,Penn State,CPU,User vs CPU,Completed,L,10.0,23.0,-13.0,2026-08-08 12:18:37,2026,-
Northwestern,dbherron,6,"Sat, Oct 10",Home,-,Ball State,CPU,User vs CPU,Completed,W,52.0,27.0,25.0,2026-08-08 12:18:37,2026,-
Northwestern,dbherron,7,"Sat, Oct 17",Home,-,Michigan State,CPU,User vs CPU,Completed,L,45.0,47.0,-2.0,2026-08-08 12:18:37,2026,-
Northwestern,dbherron,8,"Sat, Oct 24",Home,-,Rutgers,CPU,User vs CPU,Upcoming,-,,,,2026-08-08 12:18:37,2026,
Northwestern,Chefkdh,9,"Sat, Oct 31",Home,-,Purdue,CPU,User vs CPU,Upcoming,-,,,,2026-07-25 13:45:09,2026,
Northwestern,Chefkdh,10,"Sat, Nov 7",Home,13,Iowa,CPU,User vs CPU,Upcoming,-,,,,2026-07-25 13:45:09,2026,
Northwestern,Chefkdh,11,"Sat, Nov 14",Away,24,Ohio State,CPU,User vs CPU,Upcoming,-,,,,2026-07-25 13:45:09,2026,
Northwestern,Chefkdh,12,"Sat, Nov 21",Away,-,Minnesota,CPU,User vs CPU,Upcoming,-,,,,2026-07-25 13:45:09,2026,
Northwestern,Chefkdh,13,"Sat, Nov 28",Away,-,Maryland,CPU,User vs CPU,Upcoming,-,,,,2026-07-25 13:45:09,2026,
Northwestern,Chefkdh,14,,-,-,BYE,-,BYE,BYE,-,,,,2026-07-25 13:45:09,2026,
Northwestern,Chefkdh,Conf Champ,,-,-,BYE,-,BYE,BYE,-,,,,2026-07-25 13:45:09,2026,
Northwestern,Chefkdh,16,,-,-,BYE,-,BYE,BYE,-,,,,2026-07-25 13:45:09,2026,
Oklahoma State,bigdaddydoubles,0,,-,-,BYE,-,BYE,BYE,-,,,,2026-08-08 12:18:38,2026,
Oklahoma State,bigdaddydoubles,1,"Sat, Sep 5",Home,-,Tulsa,CPU,User vs CPU,Completed,W,35.0,7.0,28.0,2026-08-08 12:18:38,2026,-
Oklahoma State,bigdaddydoubles,2,"Sat, Sep 12",Home,-,Oregon,CPU,User vs CPU,Completed,W,35.0,28.0,7.0,2026-08-08 12:18:38,2026,12
Oklahoma State,bigdaddydoubles,3,"Sat, Sep 19",Home,-,Duke,CPU,User vs CPU,Completed,W,31.0,10.0,21.0,2026-08-08 12:18:38,2026,-
Oklahoma State,bigdaddydoubles,4,"Sat, Sep 26",Home,-,TCU,CPU,User vs CPU,Completed,W,45.0,3.0,42.0,2026-08-08 12:18:38,2026,-
Oklahoma State,bigdaddydoubles,5,"Sat, Oct 3",Away,11,Texas,CPU,User vs CPU,Completed,W,21.0,19.0,2.0,2026-08-08 12:18:38,2026,10
Oklahoma State,bigdaddydoubles,6,"Sat, Oct 10",Home,-,Baylor,tigerbo134_85571,User vs User,Completed,W,55.0,36.0,19.0,2026-08-08 12:18:38,2026,-
Oklahoma State,bigdaddydoubles,7,"Sat, Oct 17",Away,-,Nebraska,CPU,User vs CPU,Completed,W,38.0,17.0,21.0,2026-08-08 12:18:38,2026,-
Oklahoma State,bigdaddydoubles,8,"Sat, Oct 24",Home,21,Missouri,pancake_bear24_67064,User vs User,Upcoming,-,,,,2026-08-08 12:18:38,2026,
Oklahoma State,bigdaddydoubles,9,"Sat, Oct 31",Away,4,Oklahoma,CPU,User vs CPU,Upcoming,-,,,,2026-07-25 13:45:14,2026,
Oklahoma State,bigdaddydoubles,10,"Sat, Nov 7",Away,-,Kansas State,CPU,User vs CPU,Upcoming,-,,,,2026-07-25 13:45:14,2026,
Oklahoma State,bigdaddydoubles,11,"Sat, Nov 14",Home,11,Texas Tech,CPU,User vs CPU,Upcoming,-,,,,2026-07-25 13:45:14,2026,
Oklahoma State,bigdaddydoubles,12,"Sat, Nov 21",Home,-,Air Force,CPU,User vs CPU,Upcoming,-,,,,2026-07-25 13:45:14,2026,
Oklahoma State,bigdaddydoubles,13,,-,-,BYE,-,BYE,BYE,-,,,,2026-07-25 13:45:14,2026,
Oklahoma State,bigdaddydoubles,14,,-,-,BYE,-,BYE,BYE,-,,,,2026-07-25 13:45:14,2026,
Oklahoma State,bigdaddydoubles,Conf Champ,,-,-,BYE,-,BYE,BYE,-,,,,2026-07-25 13:45:14,2026,
Oklahoma State,bigdaddydoubles,16,,-,-,BYE,-,BYE,BYE,-,,,,2026-07-25 13:45:14,2026,
Pittsburgh,aalexbailey,0,,-,-,BYE,-,BYE,BYE,-,,,,2026-08-08 12:18:28,2026,
Pittsburgh,aalexbailey,1,"Sat, Sep 5",Home,-,Penn State,CPU,User vs CPU,Completed,W,43.0,37.0,6.0,2026-08-08 12:18:28,2026,17
Pittsburgh,aalexbailey,2,"Sat, Sep 12",Home,15,Virginia,jdwright1414,User vs User,Completed,W,49.0,14.0,35.0,2026-08-08 12:18:28,2026,22
Pittsburgh,aalexbailey,3,"Sat, Sep 19",Away,-,Wake Forest,CPU,User vs CPU,Completed,W,49.0,35.0,14.0,2026-08-08 12:18:28,2026,-
Pittsburgh,aalexbailey,4,"Sat, Sep 26",Home,-,Clemson,CPU,User vs CPU,Completed,W,63.0,59.0,4.0,2026-08-08 12:18:28,2026,-
Pittsburgh,aalexbailey,5,"Sat, Oct 3",Home,-,Virginia Tech,rooke1221,User vs User,Completed,W,59.0,14.0,45.0,2026-08-08 12:18:28,2026,-
Pittsburgh,aalexbailey,6,"Sat, Oct 10",Away,-,North Carolina,CPU,User vs CPU,Completed,W,55.0,28.0,27.0,2026-08-08 12:18:28,2026,-
Pittsburgh,aalexbailey,7,"Sat, Oct 17",Home,-,Boston College,CPU,User vs CPU,Completed,W,65.0,35.0,30.0,2026-08-08 12:18:28,2026,-
Pittsburgh,aalexbailey,8,"Sat, Oct 24",Home,-,Georgia,CPU,User vs CPU,Upcoming,-,,,,2026-08-08 12:18:28,2026,
Pittsburgh,aalexbailey,9,"Sat, Oct 31",Away,-,Duke,CPU,User vs CPU,Upcoming,-,,,,2026-07-25 13:45:17,2026,
Pittsburgh,aalexbailey,10,"Sat, Nov 7",Home,-,UCF,CPU,User vs CPU,Upcoming,-,,,,2026-07-25 13:45:17,2026,
Pittsburgh,aalexbailey,11,"Sat, Nov 14",Away,-,Florida State,CPU,User vs CPU,Upcoming,-,,,,2026-07-25 13:45:17,2026,
Pittsburgh,aalexbailey,12,,-,-,BYE,-,BYE,BYE,-,,,,2026-07-25 13:45:17,2026,
Pittsburgh,aalexbailey,13,"Sat, Nov 28",Home,-,UTEP,CPU,User vs CPU,Upcoming,-,,,,2026-07-25 13:45:17,2026,
Pittsburgh,aalexbailey,14,,-,-,BYE,-,BYE,BYE,-,,,,2026-07-25 13:45:17,2026,
Pittsburgh,aalexbailey,Conf Champ,,-,-,BYE,-,BYE,BYE,-,,,,2026-07-25 13:45:17,2026,
Pittsburgh,aalexbailey,16,,-,-,BYE,-,BYE,BYE,-,,,,2026-07-25 13:45:17,2026,
SMU,cfuller23,0,,-,-,BYE,-,BYE,BYE,-,,,,2026-08-08 12:18:28,2026,
SMU,cfuller23,1,"Mon, Sep 7",Home,-,Florida State,CPU,User vs CPU,Completed,W,63.0,17.0,46.0,2026-08-08 12:18:28,2026,-
SMU,cfuller23,2,"Sat, Sep 12",Home,22,Boise State,CPU,User vs CPU,Completed,W,49.0,45.0,4.0,2026-08-08 12:18:28,2026,-
SMU,cfuller23,3,"Sat, Sep 19",Away,-,Stanford,bearofswag,User vs User,Completed,W,38.0,17.0,21.0,2026-08-08 12:18:28,2026,-
SMU,cfuller23,4,"Sat, Sep 26",Away,-,Air Force,CPU,User vs CPU,Completed,W,58.0,12.0,46.0,2026-08-08 12:18:28,2026,-
SMU,cfuller23,5,"Thu, Oct 1",Home,-,Colorado State,CPU,User vs CPU,Completed,W,77.0,14.0,63.0,2026-08-08 12:18:28,2026,-
SMU,cfuller23,6,"Sat, Oct 10",Away,-,New Mexico,CPU,User vs CPU,Completed,W,84.0,17.0,67.0,2026-08-08 12:18:28,2026,-
SMU,cfuller23,7,"Sat, Oct 17",Away,-,San Jose State,CPU,User vs CPU,Completed,W,77.0,34.0,43.0,2026-08-08 12:18:28,2026,-
SMU,cfuller23,8,"Sat, Oct 24",Home,-,Utah State,CPU,User vs CPU,Completed,W,59.0,24.0,35.0,2026-08-08 12:18:28,2026,-
SMU,cfuller23,9,"Sat, Oct 31",Home,-,Nevada,CPU,User vs CPU,Upcoming,-,,,,2026-07-25 13:45:20,2026,
SMU,cfuller23,10,"Sat, Nov 7",Away,-,North Dakota State,CPU,User vs CPU,Upcoming,-,,,,2026-07-25 13:45:20,2026,
SMU,cfuller23,11,"Sat, Nov 14",Home,-,Wake Forest,CPU,User vs CPU,Upcoming,-,,,,2026-07-25 13:45:20,2026,
SMU,cfuller23,12,,-,-,BYE,-,BYE,BYE,-,,,,2026-07-25 13:45:20,2026,
SMU,cfuller23,13,"Sat, Nov 28",Away,18,Notre Dame,CPU,User vs CPU,Upcoming,-,,,,2026-07-25 13:45:20,2026,
SMU,cfuller23,14,,-,-,BYE,-,BYE,BYE,-,,,,2026-07-25 13:45:20,2026,
SMU,cfuller23,Conf Champ,,-,-,BYE,-,BYE,BYE,-,,,,2026-07-25 13:45:20,2026,
SMU,cfuller23,16,,-,-,BYE,-,BYE,BYE,-,,,,2026-07-25 13:45:20,2026,
South Carolina,clemson256_67951,0,,-,-,BYE,-,BYE,BYE,-,,,,2026-08-08 12:18:28,2026,
South Carolina,clemson256_67951,1,"Sat, Sep 5",Home,-,UConn,CPU,User vs CPU,Completed,W,56.0,0.0,56.0,2026-08-08 12:18:28,2026,-
South Carolina,clemson256_67951,2,"Sat, Sep 12",Away,-,Vanderbilt,CPU,User vs CPU,Completed,W,27.0,13.0,14.0,2026-08-08 12:18:28,2026,-
South Carolina,clemson256_67951,3,"Sat, Sep 19",Home,-,Mississippi State,CPU,User vs CPU,Completed,W,17.0,14.0,3.0,2026-08-08 12:18:28,2026,-
South Carolina,clemson256_67951,4,"Sat, Sep 26",Away,-,Alabama,CPU,User vs CPU,Completed,W,35.0,17.0,18.0,2026-08-08 12:18:28,2026,19
South Carolina,clemson256_67951,5,,-,-,BYE,-,BYE,BYE,-,,,,2026-08-08 12:18:28,2026,
South Carolina,clemson256_67951,6,"Sat, Oct 10",Home,-,Florida,CPU,User vs CPU,Completed,W,14.0,12.0,2.0,2026-08-08 12:18:28,2026,-
South Carolina,clemson256_67951,7,"Sat, Oct 17",Away,-,Auburn,CPU,User vs CPU,Completed,W,38.0,10.0,28.0,2026-08-08 12:18:28,2026,-
South Carolina,clemson256_67951,8,"Sat, Oct 24",Away,-,Tennessee,CPU,User vs CPU,Completed,W,34.0,19.0,15.0,2026-08-08 12:18:28,2026,-
South Carolina,Clemson256,9,"Sat, Oct 31",Home,-,Virginia Tech,Rooke1221,User vs User,Upcoming,-,,,,2026-07-25 13:45:23,2026,
South Carolina,Clemson256,10,"Sat, Nov 7",Home,20,Texas A&M,CPU,User vs CPU,Upcoming,-,,,,2026-07-25 13:45:23,2026,
South Carolina,Clemson256,11,"Sat, Nov 14",Home,-,Arkansas,Clemsontigers1,User vs User,Upcoming,-,,,,2026-07-25 13:45:23,2026,
South Carolina,Clemson256,12,"Sat, Nov 21",Home,2,Georgia,CPU,User vs CPU,Upcoming,-,,,,2026-07-25 13:45:23,2026,
South Carolina,Clemson256,13,"Sat, Nov 28",Away,-,Clemson,CPU,User vs CPU,Upcoming,-,,,,2026-07-25 13:45:23,2026,
South Carolina,Clemson256,14,,-,-,BYE,-,BYE,BYE,-,,,,2026-07-25 13:45:23,2026,
South Carolina,Clemson256,Conf Champ,,-,-,BYE,-,BYE,BYE,-,,,,2026-07-25 13:45:23,2026,
South Carolina,Clemson256,16,,-,-,BYE,-,BYE,BYE,-,,,,2026-07-25 13:45:23,2026,
Stanford,bearofswag,0,,-,-,BYE,-,BYE,BYE,-,,,,2026-08-08 12:18:31,2026,
Stanford,bearofswag,1,"Fri, Sep 4",Home,14,Miami,CPU,User vs CPU,Completed,W,30.0,27.0,3.0,2026-08-08 12:18:31,2026,6
Stanford,bearofswag,2,,-,-,BYE,-,BYE,BYE,-,,,,2026-08-08 12:18:31,2026,
Stanford,bearofswag,3,"Sat, Sep 19",Home,8,SMU,cfuller23,User vs User,Completed,L,17.0,38.0,-21.0,2026-08-08 12:18:31,2026,16
Stanford,bearofswag,4,"Sat, Sep 26",Home,-,Utah,CPU,User vs CPU,Completed,W,43.0,29.0,14.0,2026-08-08 12:18:31,2026,-
Stanford,bearofswag,5,"Sat, Oct 3",Home,10,BYU,CPU,User vs CPU,Completed,L,17.0,38.0,-21.0,2026-08-08 12:18:31,2026,9
Stanford,bearofswag,6,"Sat, Oct 10",Away,16,Notre Dame,CPU,User vs CPU,Completed,L,39.0,41.0,-2.0,2026-08-08 12:18:31,2026,23
Stanford,bearofswag,7,"Sat, Oct 17",Home,-,Washington State,CPU,User vs CPU,Completed,W,45.0,27.0,18.0,2026-08-08 12:18:31,2026,-
Stanford,bearofswag,8,"Sat, Oct 24",Away,-,Arizona,CPU,User vs CPU,Upcoming,-,,,,2026-08-08 12:18:31,2026,
Stanford,bearofswag,9,"Sat, Oct 31",Away,9,USC,CPU,User vs CPU,Upcoming,-,,,,2026-07-25 13:45:26,2026,
Stanford,bearofswag,10,"Thu, Nov 5",Away,12,Oregon,CPU,User vs CPU,Upcoming,-,,,,2026-07-25 13:45:26,2026,
Stanford,bearofswag,11,"Sat, Nov 14",Home,-,New Mexico,CPU,User vs CPU,Upcoming,-,,,,2026-07-25 13:45:26,2026,
Stanford,bearofswag,12,"Sat, Nov 21",Away,-,UCLA,CPU,User vs CPU,Upcoming,-,,,,2026-07-25 13:45:26,2026,
Stanford,bearofswag,13,"Sat, Nov 28",Home,-,Oregon State,CPU,User vs CPU,Upcoming,-,,,,2026-07-25 13:45:26,2026,
Stanford,bearofswag,14,,-,-,BYE,-,BYE,BYE,-,,,,2026-07-25 13:45:26,2026,
Stanford,bearofswag,Conf Champ,,-,-,BYE,-,BYE,BYE,-,,,,2026-07-25 13:45:26,2026,
Stanford,bearofswag,16,,-,-,BYE,-,BYE,BYE,-,,,,2026-07-25 13:45:26,2026,
Temple,reign_man34,0,,-,-,BYE,-,BYE,BYE,-,,,,2026-08-08 12:18:31,2026,
Temple,reign_man34,1,"Sat, Sep 5",Home,-,Akron,CPU,User vs CPU,Completed,W,35.0,14.0,21.0,2026-08-08 12:18:31,2026,-
Temple,reign_man34,2,"Sat, Sep 12",Home,-,Penn State,CPU,User vs CPU,Completed,L,7.0,51.0,-44.0,2026-08-08 12:18:31,2026,-
Temple,reign_man34,3,"Sat, Sep 19",Away,12,California,benmoore_91313,User vs User,Completed,L,0.0,45.0,-45.0,2026-08-08 12:18:31,2026,-
Temple,reign_man34,4,"Sat, Sep 26",Home,-,Army,CPU,User vs CPU,Completed,W,34.0,31.0,3.0,2026-08-08 12:18:31,2026,-
Temple,reign_man34,5,"Sat, Oct 3",Away,-,USF,CPU,User vs CPU,Completed,W,48.0,20.0,28.0,2026-08-08 12:18:31,2026,-
Temple,reign_man34,6,"Sat, Oct 10",Home,-,UConn,CPU,User vs CPU,Completed,W,31.0,21.0,10.0,2026-08-08 12:18:31,2026,-
Temple,reign_man34,7,"Sat, Oct 17",Home,-,Charlotte,CPU,User vs CPU,Completed,W,42.0,10.0,32.0,2026-08-08 12:18:31,2026,-
Temple,reign_man34,8,,-,-,BYE,-,BYE,BYE,-,,,,2026-08-08 12:18:31,2026,
Temple,reign_man34,9,"Sat, Oct 31",Away,-,East Carolina,CPU,User vs CPU,Upcoming,-,,,,2026-07-25 13:45:29,2026,
Temple,reign_man34,10,"Sat, Nov 7",Away,-,Navy,CPU,User vs CPU,Upcoming,-,,,,2026-07-25 13:45:29,2026,
Temple,reign_man34,11,"Sat, Nov 14",Home,-,UAB,CPU,User vs CPU,Upcoming,-,,,,2026-07-25 13:45:29,2026,
Temple,reign_man34,12,"Thu, Nov 19",Home,-,Rice,CPU,User vs CPU,Upcoming,-,,,,2026-07-25 13:45:29,2026,
Temple,reign_man34,13,"Sat, Nov 28",Away,-,Memphis,CPU,User vs CPU,Upcoming,-,,,,2026-07-25 13:45:29,2026,
Temple,reign_man34,14,,-,-,BYE,-,BYE,BYE,-,,,,2026-07-25 13:45:29,2026,
Temple,reign_man34,Conf Champ,,-,-,BYE,-,BYE,BYE,-,,,,2026-07-25 13:45:29,2026,
Temple,reign_man34,16,,-,-,BYE,-,BYE,BYE,-,,,,2026-07-25 13:45:29,2026,
Virginia,jdwright1414,0,"Sat, Aug 29",Home,-,NC State,CPU,User vs CPU,Completed,W,31.0,17.0,14.0,2026-08-08 12:18:25,2026,-
Virginia,jdwright1414,1,"Sat, Sep 5",Away,-,Illinois,CPU,User vs CPU,Completed,W,27.0,20.0,7.0,2026-08-08 12:18:25,2026,-
Virginia,jdwright1414,2,"Sat, Sep 12",Away,18,Pittsburgh,aalexbailey,User vs User,Completed,L,14.0,49.0,-35.0,2026-08-08 12:18:25,2026,-
Virginia,jdwright1414,3,,-,-,BYE,-,BYE,BYE,-,,,,2026-08-08 12:18:25,2026,
Virginia,jdwright1414,4,"Sat, Sep 26",Home,17,Texas Tech,CPU,User vs CPU,Completed,W,43.0,33.0,10.0,2026-08-08 12:18:25,2026,5
Virginia,jdwright1414,5,"Sat, Oct 3",Home,-,Delaware,CPU,User vs CPU,Completed,W,24.0,21.0,3.0,2026-08-08 12:18:25,2026,-
Virginia,jdwright1414,6,"Sat, Oct 10",Away,-,Syracuse,CPU,User vs CPU,Completed,W,33.0,9.0,24.0,2026-08-08 12:18:25,2026,-
Virginia,jdwright1414,7,,-,-,BYE,-,BYE,BYE,-,,,,2026-08-08 12:18:25,2026,
Virginia,jdwright1414,8,"Sat, Oct 24",Home,14,Miami,CPU,User vs CPU,Upcoming,-,,,,2026-08-08 12:18:25,2026,
Virginia,son_of_beef,9,"Sat, Oct 31",Away,-,Wake Forest,CPU,User vs CPU,Upcoming,-,,,,2026-07-25 15:15:17,2026,
Virginia,son_of_beef,10,"Sat, Nov 7",Away,-,Boston College,CPU,User vs CPU,Upcoming,-,,,,2026-07-25 15:15:17,2026,
Virginia,son_of_beef,11,"Sat, Nov 14",Home,-,Cincinnati,CPU,User vs CPU,Upcoming,-,,,,2026-07-25 15:15:17,2026,
Virginia,son_of_beef,12,"Thu, Nov 19",Home,10,Louisville,CPU,User vs CPU,Upcoming,-,,,,2026-07-25 15:15:17,2026,
Virginia,son_of_beef,13,"Sat, Nov 28",Home,-,Virginia Tech,Rooke1221,User vs User,Upcoming,-,,,,2026-07-25 15:15:17,2026,
Virginia,son_of_beef,14,,-,-,BYE,-,BYE,BYE,-,,,,2026-07-25 15:15:17,2026,
Virginia,son_of_beef,Conf Champ,,-,-,BYE,-,BYE,BYE,-,,,,2026-07-25 15:15:17,2026,
Virginia,son_of_beef,16,,-,-,BYE,-,BYE,BYE,-,,,,2026-07-25 15:15:17,2026,
Virginia Tech,rooke1221,0,,-,-,BYE,-,BYE,BYE,-,,,,2026-08-08 12:18:25,2026,
Virginia Tech,rooke1221,1,"Sat, Sep 5",Home,-,Ball State,CPU,User vs CPU,Completed,W,52.0,7.0,45.0,2026-08-08 12:18:25,2026,-
Virginia Tech,rooke1221,2,"Sat, Sep 12",Home,-,Wake Forest,CPU,User vs CPU,Completed,L,21.0,31.0,-10.0,2026-08-08 12:18:25,2026,-
Virginia Tech,rooke1221,3,"Sat, Sep 19",Home,6,Louisville,CPU,User vs CPU,Completed,W,31.0,23.0,8.0,2026-08-08 12:18:25,2026,8
Virginia Tech,rooke1221,4,"Sat, Sep 26",Home,-,Boston College,CPU,User vs CPU,Completed,L,27.0,30.0,-3.0,2026-08-08 12:18:25,2026,-
Virginia Tech,rooke1221,5,"Sat, Oct 3",Away,18,Pittsburgh,aalexbailey,User vs User,Completed,L,14.0,59.0,-45.0,2026-08-08 12:18:25,2026,-
Virginia Tech,rooke1221,6,"Sat, Oct 10",Home,-,Maryland,coys35,User vs User,Completed,W,38.0,7.0,31.0,2026-08-08 12:18:25,2026,-
Virginia Tech,rooke1221,7,"Sat, Oct 17",Home,-,Georgia Tech,CPU,User vs CPU,Completed,W,49.0,23.0,26.0,2026-08-08 12:18:25,2026,-
Virginia Tech,rooke1221,8,"Sat, Oct 24",Away,-,NC State,CPU,User vs CPU,Upcoming,-,,,,2026-08-08 12:18:25,2026,
Virginia Tech,Rooke1221,9,"Sat, Oct 31",Away,21,South Carolina,Clemson256,User vs User,Upcoming,-,,,,2026-07-25 15:15:50,2026,
Virginia Tech,Rooke1221,10,,-,-,BYE,-,BYE,BYE,-,,,,2026-07-25 15:15:50,2026,
Virginia Tech,Rooke1221,11,"Sat, Nov 14",Home,-,Oregon State,CPU,User vs CPU,Upcoming,-,,,,2026-07-25 15:15:50,2026,
Virginia Tech,Rooke1221,12,"Sat, Nov 21",Away,17,Miami,CPU,User vs CPU,Upcoming,-,,,,2026-07-25 15:15:50,2026,
Virginia Tech,Rooke1221,13,"Sat, Nov 28",Away,22,Virginia,son_of_beef,User vs User,Upcoming,-,,,,2026-07-25 15:15:50,2026,
Virginia Tech,Rooke1221,14,,-,-,BYE,-,BYE,BYE,-,,,,2026-07-25 15:15:50,2026,
Virginia Tech,Rooke1221,Conf Champ,,-,-,BYE,-,BYE,BYE,-,,,,2026-07-25 15:15:50,2026,
Virginia Tech,Rooke1221,16,,-,-,BYE,-,BYE,BYE,-,,,,2026-07-25 15:15:50,2026,
West Virginia,jwmd02,0,,-,-,BYE,-,BYE,BYE,-,,,,2026-08-08 12:18:26,2026,
West Virginia,jwmd02,1,"Sat, Sep 5",Away,-,UTEP,CPU,User vs CPU,Completed,W,21.0,17.0,4.0,2026-08-08 12:18:26,2026,-
West Virginia,jwmd02,2,"Sat, Sep 12",Away,-,Florida International,CPU,User vs CPU,Completed,W,27.0,24.0,3.0,2026-08-08 12:18:26,2026,-
West Virginia,jwmd02,3,"Sat, Sep 19",Home,-,Wisconsin,CPU,User vs CPU,Completed,W,20.0,17.0,3.0,2026-08-08 12:18:26,2026,-
West Virginia,jwmd02,4,"Sat, Sep 26",Home,-,New Mexico State,CPU,User vs CPU,Completed,W,28.0,24.0,4.0,2026-08-08 12:18:26,2026,-
West Virginia,jwmd02,5,,-,-,BYE,-,BYE,BYE,-,,,,2026-08-08 12:18:26,2026,
West Virginia,jwmd02,6,"Sat, Oct 10",Home,-,Sam Houston,CPU,User vs CPU,Completed,W,37.0,34.0,3.0,2026-08-08 12:18:26,2026,-
West Virginia,jwmd02,7,"Sat, Oct 17",Away,-,Cincinnati,CPU,User vs CPU,Completed,L,21.0,34.0,-13.0,2026-08-08 12:18:26,2026,-
West Virginia,jwmd02,8,"Sat, Oct 24",Home,-,Louisiana Tech,CPU,User vs CPU,Completed,W,49.0,20.0,29.0,2026-08-08 12:18:26,2026,-
West Virginia,Garnet Blood,9,"Sat, Oct 31",Away,-,Delaware,CPU,User vs CPU,Upcoming,-,,,,2026-07-25 15:15:55,2026,
West Virginia,Garnet Blood,10,"Sat, Nov 7",Home,-,Missouri State,CPU,User vs CPU,Upcoming,-,,,,2026-07-25 15:15:55,2026,
West Virginia,Garnet Blood,11,"Sat, Nov 14",Home,-,Kansas,CPU,User vs CPU,Upcoming,-,,,,2026-07-25 15:15:55,2026,
West Virginia,Garnet Blood,12,"Sat, Nov 21",Home,16,Houston,CPU,User vs CPU,Upcoming,-,,,,2026-07-25 15:15:55,2026,
West Virginia,Garnet Blood,13,"Fri, Nov 27",Away,-,Utah,CPU,User vs CPU,Upcoming,-,,,,2026-07-25 15:15:55,2026,
West Virginia,Garnet Blood,14,,-,-,BYE,-,BYE,BYE,-,,,,2026-07-25 15:15:55,2026,
West Virginia,Garnet Blood,Conf Champ,,-,-,BYE,-,BYE,BYE,-,,,,2026-07-25 15:15:55,2026,
West Virginia,Garnet Blood,16,,-,-,BYE,-,BYE,BYE,-,,,,2026-07-25 15:15:55,2026,
